P0_x,P0_y,P1_x,P1_y,P2_x,P2_y,P3_x,P3_y,P4_x,P4_y,P5_x,P5_y,P6_x,P6_y,P7_x,P7_y,P8_x,P8_y,P9_x,P9_y,P10_x,P10_y,P11_x,P11_y,P12_x,P12_y,P13_x,P13_y,P14_x,P14_y,P15_x,P15_y,P16_x,P16_y,P17_x,P17_y,P18_x,P18_y,P19_x,P19_y,P20_x,P20_y,frame_number,timestamp
565.394287109375,555.9453678131104,618.3847808837891,508.22354793548584,636.1166763305664,437.0333003997803,639.0306091308594,383.9220857620239,634.4929504394531,343.9725995063782,563.8214111328125,381.77786350250244,553.0639266967773,329.7221088409424,544.8054885864258,301.2665319442749,535.2892303466797,279.33305740356445,528.2569122314453,385.9716796875,514.7876739501953,328.03858280181885,506.4839553833008,294.4007205963135,499.57767486572266,267.5416588783264,496.5006637573242,399.58893299102783,480.7599639892578,347.04068183898926,475.1534652709961,317.9093599319458,469.99168395996094,291.8400049209595,465.4545593261719,420.9727907180786,442.78499603271484,385.5066919326782,431.6209411621094,364.442081451416,422.9166030883789,343.31453561782837,1,1787820637.385874
552.2430038452148,567.2712850570679,608.9368057250977,521.7932510375977,634.036865234375,453.9518165588379,640.2117919921875,399.6318483352661,638.3626174926758,356.0304594039917,564.4713592529297,390.3922176361084,562.4599075317383,337.5260925292969,559.1299057006836,308.13448905944824,553.6865234375,286.20365381240845,527.8524780273438,393.0294942855835,522.7475357055664,333.1424832344055,518.3532333374023,298.679895401001,514.306526184082,272.2722387313843,494.4402313232422,406.8276786804199,486.3766860961914,352.4457836151123,484.47566986083984,322.29869842529297,482.75177001953125,297.38054752349854,461.0826873779297,429.2578125,445.0533676147461,392.303409576416,435.93868255615234,369.4415044784546,428.4012222290039,347.6059627532959,2,1787820637.447505
534.0703964233398,615.1913738250732,582.5040435791016,563.8309335708618,600.1517105102539,492.46267318725586,603.0026245117188,436.6235876083374,602.6066589355469,394.7779941558838,523.9024353027344,429.6748208999634,516.7518997192383,372.75474071502686,510.5788803100586,342.21802711486816,502.1209716796875,318.93975734710693,484.1386032104492,436.82005405426025,471.47647857666016,375.22597789764404,463.40518951416016,338.4737491607666,457.0658874511719,310.2537775039673,450.77049255371094,455.6061601638794,431.2419891357422,400.4650926589966,426.40674591064453,369.42051887512207,422.9429244995117,342.4212312698364,419.3364715576172,486.655797958374,394.56226348876953,448.8949728012085,380.2263641357422,426.36982440948486,370.1646423339844,402.6060962677002,3,1787820637.4966416
538.8018417358398,613.012433052063,584.2205047607422,559.5964765548706,597.0102691650391,487.15413093566895,601.1892700195312,431.3292932510376,602.1882629394531,390.7166576385498,516.2140274047852,428.765230178833,508.53858947753906,370.4750347137451,500.9162902832031,340.6002688407898,491.7881774902344,317.8395366668701,475.7753372192383,437.9733610153198,460.4478073120117,375.51917552948,449.4903564453125,338.8645577430725,441.4044189453125,313.74322414398193,443.26332092285156,459.1416549682617,422.33680725097656,402.6948881149292,414.111328125,371.8550205230713,407.4210739135742,347.3174858093262,416.6241455078125,490.00946044921875,389.43389892578125,456.72590732574463,373.13446044921875,437.03317165374756,360.5586624145508,417.80293464660645,4,1787820637.542534
545.7622146606445,610.6293869018555,588.0597686767578,556.4951133728027,597.2259140014648,480.85694789886475,600.9428405761719,425.813684463501,602.1585083007812,386.806640625,513.6309051513672,425.24205207824707,505.6721878051758,369.7803211212158,498.3245086669922,340.0361680984497,490.43365478515625,318.48506927490234,474.7306823730469,435.802960395813,456.1296081542969,375.4585361480713,444.3062973022461,340.14864921569824,434.99473571777344,315.4509973526001,444.01222229003906,457.7377223968506,421.10965728759766,399.95306968688965,411.5609359741211,368.95471572875977,403.55960845947266,344.2498755455017,418.660888671875,489.38392639160156,388.97926330566406,458.29102993011475,370.68119049072266,439.0604066848755,356.0689926147461,419.92711544036865,5,1787820637.600557
546.5658187866211,609.8460531234741,589.798583984375,555.390944480896,598.8867950439453,480.5888557434082,603.5276412963867,424.8445701599121,607.4677276611328,386.53910636901855,517.4191665649414,423.0389928817749,508.15311431884766,367.85350799560547,501.00364685058594,339.72254276275635,492.85736083984375,318.89628410339355,478.59310150146484,433.5417938232422,458.98448944091797,374.17802810668945,447.2917938232422,340.3245162963867,438.0447006225586,316.96427822113037,447.91961669921875,455.33695220947266,423.88134002685547,399.23367977142334,414.06986236572266,369.6085739135742,405.78338623046875,345.37869930267334,422.2156524658203,486.7307710647583,393.0535125732422,457.477011680603,375.43285369873047,439.47247982025146,361.3091278076172,421.04467391967773,6,1787820637.655084
545.8556365966797,608.8368129730225,589.0337753295898,553.1591320037842,599.6531295776367,479.82436180114746,606.5045928955078,423.9264392852783,612.1508026123047,385.8935308456421,519.6483612060547,422.1138668060303,512.4047088623047,366.49746894836426,506.87347412109375,338.5508894920349,499.70272064208984,317.8276062011719,481.1810302734375,431.8941020965576,463.28922271728516,371.6957187652588,452.95265197753906,336.6449546813965,445.27557373046875,312.0819282531738,450.4160690307617,453.1801128387451,427.96947479248047,397.56028175354004,419.6424865722656,367.410364151001,412.3609924316406,342.42359161376953,423.6198043823242,484.350643157959,395.61351776123047,454.0871286392212,378.0596923828125,436.11087799072266,363.73191833496094,417.89777755737305,7,1787820637.7217305
544.4327545166016,605.9897232055664,584.8659515380859,550.6337785720825,591.1642074584961,475.17735958099365,598.2686614990234,418.9475727081299,602.6120376586914,383.0254554748535,505.5328369140625,420.31914710998535,496.26453399658203,364.9192142486572,490.3236770629883,336.9356632232666,482.45235443115234,318.109667301178,465.66490173339844,432.713828086853,445.7547378540039,373.807110786438,433.3245849609375,341.3713073730469,422.86365509033203,317.56479263305664,436.1494827270508,456.33190155029297,411.7458724975586,402.89998054504395,402.37770080566406,374.08451557159424,393.7668228149414,350.5800175666809,411.37123107910156,490.9489631652832,378.1944274902344,466.4388942718506,355.27233123779297,451.378870010376,336.43394470214844,436.03294372558594,8,1787820637.7922146
543.6271286010742,605.8529090881348,584.0713500976562,550.4745197296143,588.9664840698242,472.6724338531494,594.8874282836914,417.12019443511963,601.5690612792969,380.3078842163086,502.98316955566406,419.2908525466919,495.7187271118164,364.2629098892212,491.0798645019531,335.7091212272644,485.51612854003906,315.0150203704834,463.86756896972656,433.09332847595215,442.5632858276367,375.1710891723633,430.4240417480469,342.36835956573486,421.0376739501953,318.1181001663208,434.4831085205078,458.1017303466797,410.63709259033203,403.70477199554443,400.8069610595703,373.13913345336914,391.8924331665039,348.54647397994995,410.4792785644531,492.67265796661377,378.7062454223633,469.3075704574585,357.78247833251953,455.2278184890747,339.4847106933594,440.6257438659668,9,1787820637.861705
543.0508041381836,609.0052127838135,584.3448638916016,553.5216379165649,588.91357421875,476.1398649215698,593.6738204956055,421.55253410339355,599.0620422363281,384.429988861084,502.6354217529297,423.2084655761719,496.1682891845703,367.8485298156738,491.7162322998047,338.2372856140137,485.9419631958008,316.59226655960083,463.2784652709961,436.77319049835205,443.07395935058594,378.7651205062866,430.52955627441406,346.32927417755127,420.58990478515625,322.39607334136963,433.455810546875,461.66876792907715,410.31707763671875,406.6394519805908,399.76097106933594,375.9365701675415,390.21549224853516,351.0046648979187,409.0968704223633,496.09811782836914,377.75611877441406,471.93793773651123,357.02930450439453,457.7872896194458,338.67130279541016,443.45330715179443,10,1787820637.9276166
544.9512100219727,622.9693508148193,582.2410202026367,567.1154165267944,582.4774551391602,488.15006732940674,584.1342163085938,432.722110748291,589.1669082641602,394.0924644470215,496.2662124633789,436.0620403289795,488.67076873779297,382.72697925567627,482.7090072631836,353.50062131881714,474.96883392333984,332.0691704750061,456.94862365722656,450.27573108673096,434.0918731689453,390.9186601638794,420.9252166748047,357.7789378166199,410.0678253173828,333.200204372406,428.55430603027344,476.87809467315674,401.33583068847656,424.8278760910034,388.3250045776367,395.0258731842041,377.32948303222656,370.8751344680786,406.76441192626953,514.5577669143677,372.3410415649414,490.0158977508545,347.23960876464844,474.7164487838745,324.9400329589844,459.04080390930176,11,1787820637.9896567
552.4178314208984,621.1143779754639,583.1124496459961,563.0412912368774,578.8697052001953,484.8346424102783,576.7237854003906,428.61133575439453,578.1457901000977,390.56581020355225,490.97084045410156,435.9648370742798,477.93907165527344,382.97593116760254,468.3951187133789,353.44691276550293,457.7784729003906,332.8964066505432,453.63407135009766,451.87973499298096,428.8602066040039,394.5914840698242,413.02120208740234,362.54788398742676,397.6200485229492,337.10320472717285,426.95289611816406,479.3928909301758,394.0391159057617,428.97993564605713,376.0410690307617,398.0085754394531,359.78858947753906,372.84679412841797,407.65289306640625,518.1140327453613,362.1562194824219,497.80537605285645,329.859619140625,482.6612377166748,301.0464859008789,465.61522006988525,12,1787820638.0387828
560.8338165283203,608.0684566497803,586.3223266601562,550.9084796905518,574.1676712036133,476.481556892395,563.5683441162109,424.00338649749756,561.0916900634766,389.0714979171753,485.6033706665039,434.42760944366455,461.60491943359375,384.69576358795166,445.11436462402344,356.7134141921997,429.2076110839844,338.84410858154297,449.41707611083984,451.31303787231445,411.14830017089844,395.4654121398926,388.3831024169922,365.5286979675293,367.3809051513672,344.2413139343262,425.416259765625,478.53222370147705,380.4189682006836,429.1248607635498,354.8527145385742,400.3697347640991,331.54624938964844,377.56138801574707,411.45721435546875,516.634955406189,359.97554779052734,498.6186218261719,324.3926239013672,486.05064868927,291.6490364074707,471.33798122406006,13,1787820638.0725503
564.7296905517578,599.8494815826416,585.8992004394531,539.143967628479,569.0107727050781,467.30844497680664,554.1008758544922,420.38068771362305,547.7836990356445,387.1265745162964,479.8809814453125,430.7092523574829,452.2858428955078,384.55246925354004,436.30992889404297,359.6665048599243,420.3114318847656,341.22925758361816,446.38450622558594,448.37955951690674,401.3727569580078,397.62207984924316,376.1336135864258,368.75288486480713,352.32582092285156,347.24616050720215,426.4540100097656,476.0140800476074,377.76268005371094,428.7805938720703,350.1837921142578,400.6885528564453,323.4363555908203,376.32744312286377,416.74556732177734,513.0457305908203,367.3719787597656,491.0762071609497,332.972412109375,476.1321830749512,299.537410736084,459.02106285095215,14,1787820638.110492
566.9455718994141,588.0756139755249,584.5874404907227,528.5178279876709,562.6917266845703,461.6613006591797,547.6290893554688,419.6531009674072,541.5454864501953,389.74775791168213,479.0598678588867,427.48133182525635,448.3905029296875,384.0037965774536,431.6886520385742,360.5884122848511,414.9918746948242,341.1151885986328,451.2403106689453,443.0931615829468,400.80474853515625,394.1783380508423,373.83670806884766,366.5967321395874,348.47930908203125,344.84163522720337,436.09119415283203,466.8251323699951,385.97015380859375,420.6604528427124,354.85107421875,390.9478425979614,324.0777587890625,363.6094379425049,431.4875030517578,499.4157314300537,387.01087951660156,471.04332447052,356.96083068847656,451.2502956390381,327.33463287353516,429.83644008636475,15,1787820638.1494508
567.9862594604492,574.2138290405273,581.1671447753906,512.8409385681152,555.8292770385742,453.34357738494873,538.3965301513672,417.1507930755615,529.5442962646484,389.49151039123535,475.9857940673828,420.9493589401245,439.36527252197266,382.40562915802,419.84554290771484,361.8398666381836,401.94496154785156,345.5275511741638,453.7711715698242,437.96027183532715,396.88232421875,394.5498991012573,362.15492248535156,369.0752649307251,329.9418258666992,347.87182331085205,444.8249816894531,462.27739334106445,395.12786865234375,415.756516456604,363.7013244628906,386.28384590148926,332.5053405761719,358.4262943267822,445.3860092163086,493.8130474090576,412.1688461303711,455.9404706954956,391.7303466796875,427.7660322189331,370.00633239746094,397.67662525177,16,1787820638.2111325
574.959716796875,564.9374198913574,580.4661560058594,503.51200103759766,550.1656341552734,449.4870328903198,529.9890899658203,417.52548694610596,513.8241195678711,391.02341651916504,466.9496154785156,420.7420349121094,427.9350280761719,384.05675411224365,412.13855743408203,364.32921409606934,398.5432815551758,349.8332691192627,451.89517974853516,436.7598009109497,395.7986068725586,395.49240589141846,359.7679138183594,369.0326929092407,327.27989196777344,347.9640483856201,448.2322311401367,459.7308397293091,398.5924530029297,414.7492504119873,362.8860092163086,381.195330619812,329.8664855957031,351.9139766693115,453.9186096191406,488.1741428375244,427.19688415527344,444.8345375061035,413.9406204223633,413.5457754135132,399.64500427246094,383.4758520126343,17,1787820638.265479
554.8205947875977,566.7409801483154,531.4548110961914,494.6593379974365,485.2920913696289,448.96007537841797,462.89573669433594,414.91949558258057,446.03694915771484,392.11754322052,402.6258087158203,459.20190811157227,335.2526092529297,435.89728832244873,284.9334907531738,427.6900291442871,238.90361785888672,423.3742904663086,405.36617279052734,480.7288455963135,318.9974594116211,468.46415519714355,259.9407958984375,457.63253688812256,212.51054763793945,445.0361108779907,424.98748779296875,506.21317863464355,377.9307174682617,458.4913158416748,348.82469177246094,412.3611831665039,320.10616302490234,376.2786912918091,459.2325210571289,523.5462999343872,471.6093444824219,457.1940279006958,500.4744338989258,417.17671394348145,522.3003387451172,391.17894172668457,18,1787820638.3262613
543.8544464111328,572.4788475036621,507.9853057861328,488.9883327484131,459.4241714477539,437.0535135269165,437.5681686401367,398.232421875,435.0604248046875,377.42435932159424,383.1990051269531,481.70122146606445,308.34510803222656,468.11482429504395,258.11498641967773,464.8834276199341,212.80378341674805,467.37080097198486,394.43408966064453,510.52818775177,309.81231689453125,499.2729091644287,250.2907943725586,489.508638381958,202.74559020996094,481.39742374420166,423.4308624267578,532.3087978363037,373.51123809814453,480.42715072631836,346.41040802001953,434.0822696685791,320.3647994995117,399.5382499694824,466.7319869995117,538.3738946914673,473.8413619995117,464.211802482605,497.07000732421875,417.39476680755615,516.35498046875,384.49921131134033,19,1787820638.3890865
542.926139831543,572.7763366699219,491.1412811279297,492.3537540435791,443.9671325683594,437.16711044311523,427.9518127441406,400.78240871429443,446.1195373535156,398.46811294555664,371.02317810058594,501.3447332382202,291.05234146118164,492.56210803985596,237.6310920715332,494.67731952667236,191.30870819091797,502.23363876342773,388.38611602783203,530.5296564102173,307.5448799133301,523.8804817199707,245.38982391357422,519.640703201294,195.76894760131836,517.4836921691895,422.34615325927734,549.6330785751343,376.27262115478516,500.5273675918579,342.1414566040039,455.4962968826294,310.3455924987793,422.6478624343872,468.8528823852539,549.1750001907349,467.9762649536133,469.71672534942627,486.9483184814453,421.57137393951416,504.3886184692383,390.22793769836426,20,1787820638.4509854
518.0392074584961,581.6171550750732,453.8941955566406,521.8892526626587,394.6908950805664,484.43634510040283,362.21744537353516,461.1119842529297,335.1907730102539,459.0253973007202,341.0420608520508,530.5439901351929,261.09846115112305,529.5549201965332,210.0701904296875,536.8678665161133,166.97568893432617,544.3247509002686,364.9968719482422,550.3315258026123,281.5426254272461,548.6867523193359,223.47478866577148,551.5417385101318,175.44431686401367,552.4509000778198,403.9728546142578,557.2099113464355,364.90245819091797,508.91324043273926,339.8076629638672,466.28392696380615,318.9455795288086,434.9280881881714,452.2343444824219,548.577618598938,450.33206939697266,476.2557363510132,463.90880584716797,431.6231346130371,474.71370697021484,400.66795349121094,21,1787820638.5166686
512.0684814453125,580.6081295013428,443.377685546875,534.242992401123,376.46472930908203,510.1435375213623,326.57264709472656,501.4010810852051,286.33949279785156,500.6825923919678,342.7851867675781,532.6358556747437,256.7736053466797,530.3886365890503,207.06735610961914,533.855938911438,162.44186401367188,538.4401988983154,363.8688659667969,549.5792627334595,278.9941596984863,543.2775735855103,222.91034698486328,545.6633234024048,177.03245162963867,546.8639659881592,402.7286148071289,555.8290243148804,366.53831481933594,503.2938623428345,342.7090072631836,459.67522144317627,319.3039321899414,423.11405181884766,452.73345947265625,549.7133302688599,457.2385025024414,484.25047874450684,462.6031494140625,436.359486579895,464.85923767089844,395.05024909973145,22,1787820638.5859587
508.8175964355469,583.1872987747192,441.9758987426758,534.5607376098633,378.4181213378906,505.90714931488037,333.7211608886719,492.50335693359375,297.08410263061523,487.2744655609131,342.97130584716797,532.1715545654297,258.8888931274414,528.2893466949463,210.81274032592773,532.4369859695435,165.20523071289062,540.693039894104,367.85194396972656,549.0989971160889,294.7137260437012,535.6670093536377,242.38691329956055,533.7091684341431,194.89507675170898,533.015398979187,407.47791290283203,555.8299255371094,376.8319320678711,500.8660125732422,356.8680953979492,454.1878080368042,335.1396179199219,415.63300609588623,457.33665466308594,550.4355096817017,457.98439025878906,484.3855333328247,464.89837646484375,437.0845413208008,469.7979736328125,396.72231674194336,23,1787820638.6450274
506.8291473388672,581.6320037841797,440.28331756591797,532.2230529785156,375.50453186035156,504.75131034851074,325.95470428466797,495.05497455596924,283.05049896240234,494.9115514755249,345.5476760864258,526.7415189743042,260.5959892272949,526.243143081665,213.97972106933594,531.878399848938,168.7211799621582,538.5089921951294,368.25878143310547,544.0084218978882,290.8552551269531,536.5360879898071,238.41487884521484,536.7969703674316,191.77841186523438,535.3707218170166,407.02259063720703,550.494647026062,380.1885986328125,492.0642900466919,367.8916549682617,442.4216651916504,352.8730773925781,400.4344940185547,456.2901306152344,544.5159816741943,458.8145065307617,479.7517919540405,467.94349670410156,431.5388488769531,471.77539825439453,390.3021812438965,24,1787820638.70507
504.7416687011719,588.9912557601929,442.62210845947266,536.9255447387695,399.9520492553711,485.7816553115845,388.90342712402344,437.5521469116211,374.87789154052734,405.1743221282959,356.13929748535156,529.1921138763428,276.58008575439453,533.0545377731323,233.64336013793945,545.0193786621094,190.24864196777344,561.1568355560303,384.3408203125,545.5029487609863,335.4437255859375,514.5059251785278,300.16223907470703,503.7761449813843,264.8488998413086,498.1555223464966,425.4481506347656,549.5113706588745,422.5011444091797,472.0750093460083,425.6559753417969,417.36549854278564,422.7020263671875,376.79792404174805,472.26318359375,541.8556594848633,481.9447708129883,472.7126455307007,494.0760803222656,428.783597946167,500.55450439453125,390.44551849365234,25,1787820638.7614546
501.38282775878906,590.83176612854,432.48950958251953,548.45046043396,383.9068603515625,504.77349758148193,366.0812759399414,466.5372562408447,360.25379180908203,436.3371706008911,357.9264831542969,539.9115514755249,285.3289604187012,541.9778394699097,241.94961547851562,552.4444198608398,198.8646697998047,569.43434715271,392.2037887573242,552.7242708206177,350.3261947631836,509.859824180603,317.54344940185547,490.77850341796875,286.31072998046875,479.7550106048584,436.2116241455078,553.1503772735596,432.7635955810547,475.66925525665283,432.96417236328125,419.13361072540283,430.0709533691406,377.827205657959,482.5247573852539,545.2186346054077,493.21887969970703,473.2971954345703,501.3018798828125,430.6262969970703,506.6181182861328,394.2674732208252,26,1787820638.8014987
493.56285095214844,594.3310832977295,421.4070129394531,551.5174055099487,359.0299606323242,512.1467399597168,312.97780990600586,495.06591796875,273.8581848144531,494.84468936920166,363.2342529296875,545.4760408401489,298.54686737060547,550.8142375946045,254.02240753173828,559.9243927001953,212.2828483581543,571.8085956573486,400.7493591308594,553.5263586044312,379.06673431396484,508.25358867645264,358.4872055053711,475.2007055282593,338.08563232421875,446.37322425842285,443.07403564453125,553.2309293746948,454.1132354736328,472.02046394348145,456.1043930053711,415.65892696380615,456.17610931396484,369.5342445373535,487.6377868652344,545.9644603729248,500.4122543334961,478.1166744232178,508.59954833984375,435.63164234161377,515.9840774536133,394.85039234161377,27,1787820638.8541129
498.41785430908203,593.7596654891968,435.07007598876953,553.3642673492432,373.67218017578125,515.4856824874878,325.35064697265625,496.8844985961914,281.07421875,492.45134353637695,379.65709686279297,546.6335964202881,322.96966552734375,549.7126865386963,279.27928924560547,556.6907215118408,238.60076904296875,566.699652671814,419.9699401855469,556.4660596847534,402.7461242675781,502.25908756256104,388.9890670776367,460.8697271347046,375.35709381103516,427.46180534362793,461.2036895751953,553.4570074081421,469.5615768432617,476.372766494751,473.0599594116211,418.62446308135986,474.57359313964844,372.3701763153076,499.72930908203125,541.6443872451782,507.7031707763672,476.092529296875,512.0077514648438,435.9828186035156,514.3572235107422,398.0675411224365,28,1787820638.916886
498.81500244140625,585.4864025115967,434.2211151123047,551.0804414749146,395.7944107055664,499.57529067993164,375.4440689086914,457.7742004394531,359.8781967163086,427.1847438812256,395.4020309448242,498.44125270843506,370.0045394897461,483.27887535095215,342.81715393066406,485.1829433441162,314.69810485839844,492.160849571228,429.14188385009766,509.19665336608887,440.5130386352539,422.70172119140625,450.2651596069336,366.6495609283447,459.54132080078125,326.9110035896301,468.9136505126953,507.02985763549805,484.43653106689453,420.7433223724365,489.84703063964844,371.2267827987671,492.0999526977539,336.92429065704346,505.5262756347656,500.35755157470703,510.76438903808594,435.1921033859253,505.13111114501953,407.24061012268066,497.6036071777344,382.4150276184082,29,1787820638.9589667
484.9135208129883,563.5713815689087,432.2098922729492,531.6144704818726,406.9485092163086,480.49967765808105,405.1736068725586,429.63117599487305,408.58943939208984,389.2154788970947,393.8606262207031,492.9157304763794,364.20475006103516,480.125412940979,333.77735137939453,473.6257553100586,302.6325225830078,471.6749095916748,425.13450622558594,503.9129590988159,430.3345489501953,409.769868850708,443.46702575683594,346.0627484321594,455.4460144042969,301.63910150527954,465.5166244506836,501.232852935791,469.20345306396484,413.0127239227295,476.31927490234375,364.2365598678589,480.83988189697266,332.63043880462646,504.7053527832031,492.16960430145264,500.1675033569336,429.2094898223877,492.37388610839844,404.4115447998047,488.8217544555664,386.5598773956299,30,1787820639.0241995
476.6275405883789,549.354944229126,429.0808868408203,524.2229461669922,383.47564697265625,487.30987071990967,345.6856918334961,458.0171871185303,314.6038818359375,437.9585552215576,381.5517807006836,495.8046627044678,349.1975402832031,471.21833324432373,322.4931335449219,462.3103952407837,295.55484771728516,456.91215991973877,412.47314453125,508.39430809020996,411.16199493408203,412.900972366333,419.81876373291016,349.74836111068726,427.4065399169922,303.2974576950073,454.0340042114258,508.13531398773193,449.5528030395508,420.870566368103,455.49041748046875,371.02855682373047,458.60877990722656,336.5015745162964,491.38675689697266,499.8632526397705,485.2890396118164,445.4168128967285,479.5636749267578,416.86180114746094,474.39308166503906,394.4565153121948,31,1787820639.0860946
476.9615173339844,554.0436172485352,419.3792724609375,532.3150634765625,361.3364791870117,502.98328399658203,314.19055938720703,488.10311794281006,271.1143112182617,490.56529998779297,369.06944274902344,510.95120429992676,332.7056121826172,492.94628620147705,300.83690643310547,489.2735481262207,270.3111267089844,487.74383068084717,404.9397659301758,517.664966583252,394.3581008911133,426.4095640182495,399.5326614379883,362.2061061859131,406.10267639160156,315.56463718414307,448.11290740966797,509.6721124649048,436.06910705566406,427.22710132598877,437.15728759765625,381.7251205444336,438.43257904052734,352.795672416687,483.7082290649414,495.43511867523193,470.16624450683594,440.25856018066406,462.2455596923828,411.60419940948486,457.5858688354492,390.22656440734863,32,1787820639.1402714
497.4158477783203,585.7399463653564,462.4523162841797,543.1753063201904,417.9646301269531,501.55205726623535,396.9998550415039,457.2604179382324,388.4137725830078,423.19533348083496,367.2042465209961,565.2452087402344,348.92513275146484,481.8322420120239,346.05953216552734,431.4125061035156,349.0715789794922,391.0837125778198,389.37721252441406,578.4421062469482,357.9167175292969,488.4383296966553,351.8035888671875,431.56442642211914,353.0677032470703,386.81578159332275,421.1991500854492,574.8538255691528,396.66141510009766,485.7655620574951,394.1099166870117,437.4823236465454,395.2227020263672,402.065749168396,455.15098571777344,558.5556507110596,444.22882080078125,491.68933868408203,435.2388000488281,461.4719581604004,426.4370346069336,435.67636013031006,33,1787820639.202844
484.6508026123047,594.5375490188599,432.8303909301758,567.6375675201416,386.7148208618164,543.8041877746582,362.25189208984375,508.1741523742676,352.6108932495117,477.64074325561523,357.7921676635742,609.9365615844727,314.07814025878906,595.4347801208496,280.59337615966797,584.8803520202637,257.18822479248047,573.6709070205688,388.475341796875,619.803614616394,351.2580871582031,527.3341369628906,345.5118942260742,456.696252822876,351.0767364501953,405.97761154174805,426.87068939208984,605.0146865844727,392.04864501953125,510.48226833343506,389.8405456542969,455.2698755264282,391.10851287841797,418.611159324646,459.3423080444336,579.8396873474121,439.2934036254883,506.22888565063477,430.1039505004883,471.08448028564453,422.4538803100586,444.4267988204956,34,1787820639.2556117
489.4099426269531,603.5169410705566,426.37630462646484,594.4524478912354,383.7654495239258,581.3562726974487,358.3832550048828,554.4347476959229,340.81703186035156,531.4743947982788,358.746337890625,625.0141382217407,304.5589065551758,642.2461938858032,264.25220489501953,664.1330623626709,231.60140991210938,680.0374031066895,393.1878662109375,631.989426612854,358.25565338134766,539.9237394332886,343.7977981567383,471.41613006591797,340.1174545288086,417.99510955810547,432.5947570800781,618.1732177734375,405.02418518066406,518.494176864624,396.2310791015625,460.2214050292969,391.6773223876953,420.37596702575684,466.1986541748047,590.595817565918,444.9224090576172,518.0665683746338,430.93944549560547,476.8710994720459,419.70890045166016,446.48759365081787,35,1787820639.3161561
505.6229782104492,610.8303165435791,435.69896697998047,600.2836990356445,388.7165832519531,583.8260078430176,362.4397277832031,556.530647277832,345.78433990478516,532.1311712265015,357.0116424560547,620.1053524017334,307.4831008911133,642.0483112335205,269.9352264404297,664.0018272399902,236.46438598632812,682.4306201934814,393.33778381347656,633.0907201766968,362.2672653198242,538.8705110549927,355.0755310058594,473.4069299697876,357.30979919433594,423.20563316345215,437.919921875,624.0496587753296,410.78887939453125,518.2759523391724,403.61392974853516,460.2818727493286,401.7206573486328,420.13383865356445,475.95359802246094,599.0780782699585,453.14456939697266,522.5901889801025,440.0783157348633,481.3602590560913,429.91451263427734,452.04573154449463,36,1787820639.3723857
518.2857131958008,582.6387977600098,438.69834899902344,562.6992559432983,363.4501266479492,541.3240242004395,302.5831413269043,526.4702081680298,250.95720291137695,526.8596649169922,362.0021438598633,559.4514656066895,311.96582794189453,562.6603746414185,272.29515075683594,580.5842685699463,240.20727157592773,596.5357732772827,395.1049041748047,567.8012466430664,374.8745346069336,468.9555788040161,370.86170196533203,410.1845598220825,374.74987030029297,365.36484718322754,440.5437469482422,558.94944190979,426.30645751953125,461.9217538833618,420.5724334716797,412.8838920593262,421.53953552246094,374.42925453186035,483.4944534301758,541.9374132156372,469.9633026123047,469.052095413208,459.5254898071289,432.66005516052246,454.2716598510742,403.3217525482178,37,1787820639.4388459
500.0642395019531,580.2426624298096,423.1763458251953,567.3456144332886,359.3755340576172,539.0947437286377,310.1641845703125,511.9973087310791,271.90845489501953,497.4427843093872,352.6141357421875,543.3220767974854,296.6817092895508,534.4060277938843,251.57123565673828,544.3440198898315,212.85076141357422,556.5073013305664,388.3389663696289,548.5983467102051,374.26265716552734,450.86281299591064,367.8009033203125,384.0754222869873,369.5676040649414,336.4944291114807,430.6454086303711,537.6916694641113,421.849365234375,434.85169887542725,422.0999526977539,384.85931396484375,425.34820556640625,356.3859701156616,467.61707305908203,518.0908584594727,454.6434783935547,437.94568061828613,449.2274856567383,410.7459354400635,445.77980041503906,394.53453540802,38,1787820639.4992945
478.9550018310547,563.1753587722778,409.93892669677734,544.5106601715088,351.99668884277344,511.0420560836792,308.775634765625,476.33800506591797,274.0472412109375,455.52560806274414,332.50579833984375,522.5036287307739,272.7281951904297,520.1921653747559,224.51339721679688,526.013503074646,184.4794464111328,531.0637807846069,365.74031829833984,528.3295154571533,349.5604705810547,430.53441524505615,349.0047836303711,362.62431621551514,358.2232666015625,314.7567129135132,409.4239044189453,519.0754222869873,403.37642669677734,421.0224437713623,409.4697570800781,373.88375759124756,416.54685974121094,347.0574188232422,448.5202407836914,499.3353509902954,442.1623992919922,428.9426851272583,440.6840133666992,403.7367868423462,441.57588958740234,387.6111316680908,39,1787820639.5628676
464.07737731933594,548.2436084747314,397.35164642333984,532.2411203384399,339.32533264160156,507.6684379577637,292.4961471557617,476.159348487854,253.03524017333984,462.9594898223877,314.2757987976074,523.8657188415527,244.04504776000977,521.4143943786621,189.67098236083984,525.264630317688,146.47598266601562,526.7310905456543,346.1484146118164,528.2221412658691,325.5344772338867,426.096453666687,323.39099884033203,353.6944913864136,332.2937774658203,302.25545167922974,388.03627014160156,517.4765682220459,382.9530334472656,414.73079681396484,393.4036636352539,365.98033905029297,403.83548736572266,336.84725761413574,425.9303283691406,494.52123641967773,424.0262222290039,420.1251697540283,428.5747528076172,397.3923110961914,434.05181884765625,383.00665855407715,40,1787820639.6051605
466.5681838989258,565.0535917282104,402.2206497192383,525.5485582351685,340.90782165527344,509.01288986206055,293.3988571166992,493.2112455368042,256.1681365966797,486.077299118042,284.2914581298828,591.8185186386108,231.68888092041016,577.8027963638306,193.8047218322754,578.6490869522095,162.89094924926758,584.648265838623,308.3486557006836,607.2089910507202,259.96612548828125,506.54748916625977,257.2139358520508,437.783203125,261.6088104248047,389.27706241607666,344.66365814208984,597.8953313827515,328.7376022338867,485.74496269226074,345.0014114379883,435.6392812728882,355.0435256958008,406.47680282592773,381.3718795776367,578.9900493621826,373.94981384277344,492.6962614059448,380.5799865722656,459.99279499053955,383.3152770996094,438.04975032806396,41,1787820639.6725645
461.6460418701172,591.4272165298462,385.0738525390625,562.4264860153198,318.3075714111328,564.7673034667969,267.4838447570801,574.759111404419,223.78965377807617,584.563250541687,282.9780960083008,637.3234176635742,222.94879913330078,659.2803239822388,176.75884246826172,684.2262840270996,137.1704864501953,704.5418071746826,314.55617904663086,650.4779577255249,266.53038024902344,554.5930624008179,253.91435623168945,480.09284019470215,254.74187850952148,425.0528812408447,356.4146041870117,638.7469625473022,325.84014892578125,526.640453338623,339.4435119628906,470.4780864715576,355.03978729248047,437.86766052246094,395.2009963989258,612.8088426589966,372.4369430541992,526.6808366775513,374.7628402709961,485.9916400909424,378.3917236328125,456.9551181793213,42,1787820639.7196772
486.44012451171875,606.6646957397461,407.7040481567383,567.4687385559082,344.3634033203125,557.7043390274048,300.4593849182129,550.5505657196045,261.7703628540039,538.8398694992065,289.33353424072266,649.827446937561,234.3020248413086,659.3825054168701,195.4070281982422,674.7276592254639,160.8557891845703,691.7691278457642,318.46954345703125,665.2674865722656,270.5247688293457,574.626932144165,259.400634765625,501.90314769744873,260.27570724487305,448.8785791397095,358.392333984375,656.1004686355591,326.9753646850586,549.1243600845337,344.9937438964844,495.54060459136963,364.0292739868164,463.18016052246094,398.24607849121094,633.9238786697388,375.12142181396484,548.5203266143799,381.16809844970703,507.3265314102173,387.8721237182617,478.20284843444824,43,1787820639.7566628
475.76171875,616.071138381958,396.2102508544922,581.2770080566406,325.4065704345703,586.4482641220093,273.228759765625,604.3437480926514,222.08045959472656,615.9641933441162,287.867431640625,664.3742895126343,217.5680160522461,689.8192262649536,165.418701171875,700.9658432006836,120.90927124023438,705.3803730010986,323.6837387084961,679.0015983581543,278.7708282470703,585.0926971435547,271.92155838012695,511.2892484664917,277.18835830688477,458.27476501464844,367.74253845214844,666.4046573638916,335.7667922973633,562.0822620391846,352.0663833618164,510.11804580688477,371.4854049682617,481.03418827056885,407.11875915527344,642.8625869750977,383.5556411743164,559.400954246521,387.5212860107422,517.9369640350342,392.9219055175781,490.54409980773926,44,1787820639.7859042
498.9381408691406,613.6665058135986,413.3131790161133,584.1350412368774,335.1768493652344,585.6891345977783,280.10461807250977,596.8914127349854,226.06670379638672,602.5255966186523,304.5543670654297,657.0704412460327,232.72300720214844,676.3305902481079,182.37674713134766,674.1375732421875,138.2539176940918,664.6407508850098,335.5401611328125,671.9144296646118,294.4575881958008,586.1412048339844,295.56556701660156,519.2524909973145,306.01905822753906,470.12351989746094,377.92327880859375,663.4191226959229,352.1260070800781,560.5584239959717,373.7055206298828,508.02399158477783,394.5502471923828,476.6243362426758,420.2130126953125,642.8915119171143,401.21788024902344,570.8336019515991,405.3306198120117,530.8414363861084,409.7716522216797,502.8777551651001,45,1787820639.838798
530.6584930419922,616.9587993621826,443.3620834350586,576.3079690933228,364.4318389892578,569.622745513916,308.56189727783203,572.7024364471436,257.82745361328125,574.8670864105225,316.8564987182617,640.7756996154785,253.48421096801758,640.9756422042847,217.36522674560547,615.5431509017944,192.99182891845703,584.3896579742432,344.42028045654297,660.1638650894165,317.1395683288574,574.066801071167,332.0551300048828,508.97173404693604,353.2343292236328,464.06893730163574,388.0122375488281,659.1590452194214,374.62738037109375,562.9870891571045,399.51343536376953,513.9152812957764,422.29557037353516,484.6403646469116,434.57706451416016,646.8937540054321,425.03448486328125,573.4274482727051,432.6537322998047,532.887167930603,439.7682189941406,504.8306179046631,46,1787820639.8902335
555.0196075439453,634.2152309417725,466.81243896484375,582.2576665878296,396.878662109375,561.8490171432495,348.7789535522461,553.7625646591187,309.8392677307129,539.5523071289062,339.16263580322266,633.6343288421631,279.5596694946289,612.3932933807373,262.1709442138672,569.6057939529419,258.51261138916016,525.1733922958374,364.2385482788086,654.5202827453613,345.7868194580078,561.4098215103149,372.1529006958008,502.7330017089844,400.8507537841797,466.9528913497925,406.1465072631836,657.8704690933228,399.2686080932617,559.1290855407715,430.9980010986328,514.2664575576782,459.36161041259766,490.15005111694336,450.15331268310547,650.9792947769165,445.75103759765625,571.1676549911499,457.72987365722656,532.5432872772217,469.53948974609375,508.5034418106079,47,1787820639.9151661
569.9888610839844,644.4115304946899,486.1253356933594,585.297532081604,420.47142028808594,558.0552577972412,373.91883850097656,543.1321334838867,338.2143020629883,523.8957595825195,357.2968292236328,628.7639951705933,307.7596855163574,577.3293113708496,313.3426856994629,525.3105926513672,331.57318115234375,486.780424118042,382.3440170288086,650.5193281173706,373.4600830078125,548.1869173049927,409.4941711425781,494.9130964279175,444.21348571777344,468.8580322265625,422.27386474609375,657.5905323028564,419.3696594238281,553.566484451294,453.20865631103516,512.0100975036621,484.2877960205078,493.0485963821411,464.1053009033203,653.8478851318359,459.9711608886719,571.0578775405884,476.9598388671875,534.7464752197266,494.25785064697266,515.081033706665,48,1787820639.976538
569.1693496704102,641.6023349761963,487.40447998046875,581.581449508667,419.4470977783203,565.2515172958374,365.79917907714844,556.6739416122437,320.43933868408203,546.3815116882324,349.87003326416016,650.2248859405518,321.6643524169922,580.4029083251953,343.8093566894531,526.0566759109497,375.6290054321289,491.5915775299072,376.9663619995117,673.9429092407227,378.724365234375,568.3382892608643,425.40138244628906,520.7404518127441,465.7529067993164,501.0399055480957,417.6026153564453,684.394383430481,423.38924407958984,579.7335147857666,465.35770416259766,541.3344526290894,500.3877639770508,527.1003770828247,462.37171173095703,685.8733749389648,461.7809295654297,603.1820297241211,484.12315368652344,571.0244035720825,504.8372268676758,558.3897829055786,49,1787820640.018312
547.1408462524414,634.0596628189087,474.7040557861328,588.1119203567505,406.1437225341797,577.6698446273804,353.93260955810547,573.7008619308472,310.31471252441406,567.1212530136108,342.55863189697266,667.2205638885498,303.1076431274414,597.9201364517212,326.60572052001953,550.387487411499,359.3606185913086,521.635365486145,367.37308502197266,690.4201698303223,357.92518615722656,582.6715850830078,408.8007354736328,543.6630392074585,450.3786087036133,530.6675863265991,406.59618377685547,699.8871231079102,409.5149230957031,591.6050148010254,456.082763671875,562.6059150695801,489.3042755126953,556.3237524032593,448.68961334228516,699.1248607635498,448.99402618408203,615.3858661651611,476.6250228881836,588.1158685684204,497.7009582519531,580.6555080413818,50,1787820640.0613508
536.4614105224609,625.2813291549683,476.30882263183594,583.2870769500732,409.93785858154297,573.386549949646,357.73189544677734,573.3176708221436,318.48377227783203,570.5710458755493,335.5177688598633,662.9816007614136,292.1131896972656,609.2269992828369,314.07493591308594,567.6931858062744,345.46924591064453,543.2428550720215,354.3339157104492,690.7493734359741,347.9289245605469,595.1072072982788,402.05196380615234,562.0681428909302,440.45875549316406,553.3956384658813,389.7259521484375,705.0471782684326,397.6339340209961,606.0703611373901,447.315673828125,584.4688367843628,477.4715042114258,582.3277902603149,431.8788146972656,710.2402353286743,437.30186462402344,635.4361724853516,467.91046142578125,610.8489418029785,486.52198791503906,604.2392921447754,51,1787820640.1234257
